name,iterations,real_time,cpu_time,time_unit,bytes_per_second,items_per_second,label,error_occurred,error_message
"BM_last/32768",374520,1890.86,1886.97,ns,,,,,
"BM_last/65536",191521,3521.68,3518.06,ns,,,,,
"BM_last/131072",109861,6699.6,6694.26,ns,,,,,
"BM_last/262144",45364,14547.4,14535.2,ns,,,,,
"BM_last/524288",21982,30338.6,30333.8,ns,,,,,
"BM_last/1048576",11721,61433.8,61401.2,ns,,,,,
"BM_last/2097152",5803,123234,123186,ns,,,,,
"BM_last/4194304",1514,469734,469462,ns,,,,,
"BM_last/8388608",279,2.53223e+06,2.53093e+06,ns,,,,,
"BM_last/16777216",100,5.25113e+06,5.25012e+06,ns,,,,,
"BM_last/33554432",71,1.03528e+07,1.03479e+07,ns,,,,,
"BM_last_string_view/32768",881390,653.369,652.982,ns,,,,,
"BM_last_string_view/65536",477979,1561.85,1561.46,ns,,,,,
"BM_last_string_view/131072",224204,3095.11,3094.31,ns,,,,,
"BM_last_string_view/262144",111304,6398.31,6394.32,ns,,,,,
"BM_last_string_view/524288",47183,14438.4,14433.6,ns,,,,,
"BM_last_string_view/1048576",24014,29148.2,29142.1,ns,,,,,
"BM_last_string_view/2097152",12138,57852.7,57822.3,ns,,,,,
"BM_last_string_view/4194304",5838,123218,123147,ns,,,,,
"BM_last_string_view/8388608",1720,397604,397381,ns,,,,,
"BM_last_string_view/16777216",703,983283,982862,ns,,,,,
"BM_last_string_view/33554432",329,2.16639e+06,2.16564e+06,ns,,,,,
"BM_last_string_view_size/32768",658457892,0.988969,0.988665,ns,,,,,
"BM_last_string_view_size/65536",708473341,0.993798,0.993576,ns,,,,,
"BM_last_string_view_size/131072",701156909,0.997122,0.996746,ns,,,,,
"BM_last_string_view_size/262144",709780779,0.995819,0.995665,ns,,,,,
"BM_last_string_view_size/524288",701529334,1.01448,1.01437,ns,,,,,
"BM_last_string_view_size/1048576",710970271,0.993502,0.992869,ns,,,,,
"BM_last_string_view_size/2097152",711808910,0.998259,0.997893,ns,,,,,
"BM_last_string_view_size/4194304",706592508,1.00214,1.00173,ns,,,,,
"BM_last_string_view_size/8388608",711223101,0.989998,0.989352,ns,,,,,
"BM_last_string_view_size/16777216",706806547,0.989714,0.989391,ns,,,,,
"BM_last_string_view_size/33554432",714001571,0.996203,0.995782,ns,,,,,
